,Name,Time_money,Start_time,End_time,Make,total_time,time_make
1,b,6000,30,40,20,10,2.0
0,a,7000,15,30,10,15,0.6666666666666666
3,d,9000,1,50,30,49,0.6122448979591837
2,c,7000,20,60,10,40,0.25
